{"cameraMode":{"drawMode":0,"name":"Shaded","section":"Shading Mode"},"sceneLighting":true,"audioPlay":false,"sceneViewState":{"showFog":true,"showMaterialUpdate":false,"showSkybox":true,"showFlares":true,"showImageEffects":true,"showParticleSystems":true},"in2DMode":false,"pivot":{"x":150.54327392578126,"y":108.20311737060547,"z":55.203582763671878},"rotation":{"x":0.09611149877309799,"y":0.032837122678756717,"z":-0.0031692266929894687,"w":0.9948535561561585},"size":270.97357177734377,"orthographic":false}